Route Number,Sailed
559,1.9999995666214898
708,2.0
864,1.0
1233,2.000000433313861
1694,0.9999995186991573
1772,2.000000119386254
3836,0.9999996870260192
4186,1.0
4220,0.9999994220531018
5803,2.8873571830619093e-07
5805,1.0000002644745722
6236,2.0
6912,5.538604921068587e-07
7119,7.233318908538336e-08
7227,6.263664903818613e-07
8602,0.9999996633083506
8606,0.9999997106684111
8607,6.261530130103797e-07
12500,0.9999999279415376
