from/to;DUS;DABGRAHDA;DRA;DSAJSF;GKRSLASLB;GUD;TEB
DUS;0;117.5;102.68;91.9;123.42;113.38;125.16
DABGRAHDA;117.5;0;88.89;60.04;82.81;55.6;83.64
DRA;102.68;88.89;0;44.22;33.53;45.76;30.99
DSAJSF;91.9;60.04;44.22;0;48.22;35.660000000000004;50.37
GKRSLASLB;123.42;82.81;33.53;48.22;0;30.31;15.09
GUD;113.38;55.6;45.76;35.660000000000004;30.31;0;29.43
TEB;125.16;83.64;30.99;50.37;15.09;29.43;0
