from/to;DUS;DABDSAJSFGRAHDA;DRA;GKRSLASLBTEB;GUD
DUS;0;127.22999999999999;102.68;131.49;113.38
DABDSAJSFGRAHDA;127.22999999999999;0;91.84;96.46000000000001;64.9
DRA;102.68;91.84;0;40.34;45.76
GKRSLASLBTEB;131.49;96.46000000000001;40.34;0;37.58
GUD;113.38;64.9;45.76;37.58;0
