from/to;DUS;DABGRAHDA;DRA;DSAJSF;GKRSLASLBTEB;GUD
DUS;0;117.5;102.68;91.9;131.49;113.38
DABGRAHDA;117.5;0;88.89;60.04;90.63;55.6
DRA;102.68;88.89;0;44.22;40.34;45.76
DSAJSF;91.9;60.04;44.22;0;56.41;35.660000000000004
GKRSLASLBTEB;131.49;90.63;40.34;56.41;0;37.58
GUD;113.38;55.6;45.76;35.660000000000004;37.58;0
